{
  "robot_root_name": "torso",
  "human_root_name": "pelvis",
  "ground_height": 0.0,
  "human_height_assumption": 1.8,
  "use_ik_match_table1": true,
  "use_ik_match_table2": true,
  "human_scale_table": {
    "pelvis": 0.32,
    "spine3": 0.4,
    "left_hip": 0.7,
    "right_hip": 0.7,
    "left_knee": 0.4,
    "right_knee": 0.4,
    "left_foot": 0.32,
    "right_foot": 0.32,
    "left_shoulder": 0.30,
    "right_shoulder": 0.30,
    "left_elbow": 0.4,
    "right_elbow": 0.4,
    "left_wrist": 0.4,
    "right_wrist": 0.4
  },
  "ik_match_table1": {
    "torso": ["pelvis", 100, 10, [0.0, 0.0, 0.0], [0.5, -0.5, -0.5, -0.5]],
    "LHip": ["left_hip", 0, 10, [0.0, 0.0, 0.0], [0.4267755048530407, -0.5637931078484661, -0.5637931078484661, -0.4267755048530407]],
    "LTibia": ["left_knee", 0, 10, [0.0, 0.0, 0.0], [0.5, -0.5, -0.5, -0.5]],
    "l_ankle": ["left_foot", 100, 10, [0.0, 0.0, 0.0], [0.5, -0.5, -0.5, -0.5]],
    "RHip": ["right_hip", 0, 10, [0.0, 0.0, 0.0], [0.4267755048530407, -0.5637931078484661, -0.5637931078484661, -0.4267755048530407]],
    "RTibia": ["right_knee", 0, 10, [0.0, 0.0, 0.0], [0.5, -0.5, -0.5, -0.5]],
    "r_ankle": ["right_foot", 100, 10, [0.0, 0.0, 0.0], [0.5, -0.5, -0.5, -0.5]],
    "Head": ["spine3", 0, 10, [0.0, 0.0, 0.0], [0.5, -0.5, -0.5, -0.5]],
    "LBicep": ["left_shoulder", 10, 0, [0.0, 0.05, 0.0], [0.70710678, 0.0, -0.70710678, 0.0]],
    "LForeArm": ["left_elbow", 10, 0, [0.0, 0.0, -0.05], [1.0, 0.0, 0.0, 0.0]],
    "l_gripper": ["left_wrist", 10, 0, [0.03, 0.0, 0.0], [1.0, 0.0, 0.0, 0.0]],
    "RBicep": ["right_shoulder", 10, 0, [0.0, -0.05, 0.0], [0.0, 0.70710678, 0.0, 0.70710678]],
    "RForeArm": ["right_elbow", 10, 0, [0.0, 0.0, -0.1], [0.0, 0.0, 0.0, -1.0]],
    "r_gripper": ["right_wrist", 10, 0, [0.03, 0.0, -0.1], [0.0, 0.0, 0.0, -1.0]]
  },
  "ik_match_table2": {
    "torso": ["pelvis", 100, 5, [0.0, 0.0, 0.0], [0.5, -0.5, -0.5, -0.5]],
    "LHip": ["left_hip", 10, 5, [0.0, 0.0, 0.0], [0.4267755048530407,   -0.5637931078484661, -0.5637931078484661, -0.4267755048530407]],
    "LTibia": ["left_knee", 10, 5, [0.0, 0.0, 0.0], [0.5, -0.5, -0.5, -0.5]],
    "l_ankle": ["left_foot", 100, 50, [0.0, 0.0, 0.0], [-0.5, 0.5, 0.5, 0.5]],
    "RHip": ["right_hip", 10, 5, [0.0, 0.0, 0.0], [0.4267755048530407, -0.5637931078484661, -0.5637931078484661, -0.4267755048530407]],
    "RTibia": ["right_knee", 10, 5, [0.0, 0.0, 0.0], [0.5, -0.5, -0.5, -0.5]],
    "r_ankle": ["right_foot", 100, 50, [0.0, 0.0, 0.0], [-0.5, 0.5, 0.5, 0.5]],
    "Head": ["spine3", 0, 10, [0.0, 0.0, 0.0], [0.5, -0.5, -0.5, -0.5]],
    "LBicep": ["left_shoulder", 10, 0, [0.0, 0.0, 0.0], [0.70710678, 0.0, -0.70710678, 0.0]],
    "LForeArm": ["left_elbow", 10, 0, [0.0, 0.0, 0.0], [1.0, 0.0, 0.0, 0.0]],
    "l_gripper": ["left_wrist", 10, 0, [0.0, 0.0, 0.0], [1.0, 0.0, 0.0, 0.0]],
    "RBicep": ["right_shoulder", 10, 0, [0.0, 0.0, 0.0], [0.0, 0.70710678, 0.0, 0.70710678]],
    "RForeArm": ["right_elbow", 10, 0, [0.0, 0.0, 0.0], [0.0, 0.0, 0.0, -1.0]],
    "r_gripper": ["right_wrist", 10, 0, [0.0, 0.0, 0.0], [0.0, 0.0, 0.0, -1.0]]
  }
}
